{
  "win_model": {
    "brier": 0.1607148677110672,
    "log_loss": 0.4873611400405662,
    "n_samples": 5100
  },
  "spread_model": {
    "rmse": 13.700189495903691,
    "n_samples": 5100
  },
  "total_model": {
    "rmse": 15.254607803928053,
    "n_samples": 4461
  },
  "ats": {
    "wins": 3317,
    "losses": 1783,
    "pct": 0.6504
  }
}