{
  "win_model": {
    "brier": 0.15937798023223876,
    "log_loss": 0.4839044975353673,
    "n_samples": 5100
  },
  "spread_model": {
    "rmse": 13.535793884994277,
    "n_samples": 5100
  },
  "total_model": {
    "rmse": 15.25460780392805,
    "n_samples": 4461
  },
  "ats": {
    "wins": 3325,
    "losses": 1775,
    "pct": 0.652
  }
}